,space,graph
cooc,0.663459944,0.679453475
sim,0.448560345,0.373117838
,,
,,
,0.094024306,0.130552019
,0.420918173,0.333288907